sub,run,regressor,VIF
1,1,Face Perception,1.9796905385004635
1,1,Scene Perception,2.04540809017154
1,1,Face WM,1.7400458436600883
1,1,Scene WM,1.7622622027492392
1,2,Face Perception,2.063987959445504
1,2,Scene Perception,2.194020959844362
1,2,Face WM,1.8167347879375282
1,2,Scene WM,1.80517885350854
1,3,Face Perception,2.2327049782904376
1,3,Scene Perception,2.1742056426100316
1,3,Face WM,2.096667471556348
1,3,Scene WM,1.649101934326521
1,4,Face Perception,2.171576611169803
1,4,Scene Perception,2.1728916442417754
1,4,Face WM,1.8294515938047373
1,4,Scene WM,1.848872998835348
1,5,Face Perception,1.876570662842068
1,5,Scene Perception,2.102251694272343
1,5,Face WM,1.6626259540681827
1,5,Scene WM,1.8573566675742317
1,6,Face Perception,2.216347500410785
1,6,Scene Perception,2.2428136227940114
1,6,Face WM,1.8486722251516952
1,6,Scene WM,2.0644645546380196
1,7,Face Perception,2.0322216585002084
1,7,Scene Perception,2.2823588925149636
1,7,Face WM,1.658243161056319
1,7,Scene WM,2.1923093511385066
1,8,Face Perception,1.9565565561375564
1,8,Scene Perception,2.189384313193528
1,8,Face WM,1.7302997773905826
1,8,Scene WM,1.8470833901278918
1,9,Face Perception,2.058348559625518
1,9,Scene Perception,2.057440730178219
1,9,Face WM,1.7831169057497693
1,9,Scene WM,1.6981121231294918
1,10,Face Perception,2.4107027340828138
1,10,Scene Perception,1.9464737654661326
1,10,Face WM,2.177601276359086
1,10,Scene WM,1.7465505298971016
1,11,Face Perception,1.9470949530656443
1,11,Scene Perception,2.213953950328865
1,11,Face WM,1.7070260987947612
1,11,Scene WM,2.0032426045856973
1,12,Face Perception,2.087692503420879
1,12,Scene Perception,2.121465082202903
1,12,Face WM,1.8055828167970605
1,12,Scene WM,1.822874574195818
1,13,Face Perception,2.1285968979561414
1,13,Scene Perception,1.913908764632335
1,13,Face WM,1.8462698239690036
1,13,Scene WM,1.7441849375436238
1,14,Face Perception,2.137986129472383
1,14,Scene Perception,1.9817743554907945
1,14,Face WM,1.8607635202424975
1,14,Scene WM,1.9003940480793564
1,15,Face Perception,1.9868446955787216
1,15,Scene Perception,2.3431164971210374
1,15,Face WM,1.7075243066752595
1,15,Scene WM,1.901458682958077
1,16,Face Perception,2.035335501916854
1,16,Scene Perception,2.2654434462416573
1,16,Face WM,1.6470988001423967
1,16,Scene WM,1.8690814140475585
1,17,Face Perception,2.2460530326952153
1,17,Scene Perception,2.1872993153866793
1,17,Face WM,1.9511691449809463
1,17,Scene WM,1.7443530576705009
1,18,Face Perception,2.1321236347462036
1,18,Scene Perception,2.0919748573025427
1,18,Face WM,1.788850473540318
1,18,Scene WM,1.769725971236704
1,19,Face Perception,2.089679016173815
1,19,Scene Perception,1.9952769171754756
1,19,Face WM,1.6639417941031263
1,19,Scene WM,1.8687330611894912
1,20,Face Perception,2.066962560101257
1,20,Scene Perception,2.0476380690150795
1,20,Face WM,1.9356306325475277
1,20,Scene WM,1.7191315023271185
1,21,Face Perception,1.8564465468701932
1,21,Scene Perception,2.1379488509047797
1,21,Face WM,1.7512808419430745
1,21,Scene WM,1.8884540543868114
1,22,Face Perception,2.1611289226083916
1,22,Scene Perception,1.9610440602036794
1,22,Face WM,1.9441908016669767
1,22,Scene WM,1.713438639900771
1,23,Face Perception,1.9896973439296353
1,23,Scene Perception,1.9957799349940903
1,23,Face WM,1.7594919921003975
1,23,Scene WM,1.6565001742138818
1,24,Face Perception,2.3079394315522195
1,24,Scene Perception,2.1054742352753064
1,24,Face WM,1.9680369376167581
1,24,Scene WM,1.6864723975226616
1,25,Face Perception,2.126450158581374
1,25,Scene Perception,2.198841636480273
1,25,Face WM,1.811503638003355
1,25,Scene WM,1.8438320124324326
1,26,Face Perception,2.0325743287638653
1,26,Scene Perception,2.0539968367494423
1,26,Face WM,1.8125544892336702
1,26,Scene WM,1.868198449382515
1,27,Face Perception,1.9724657066393276
1,27,Scene Perception,2.1268564642101757
1,27,Face WM,1.6678418507030743
1,27,Scene WM,1.9019970157670323
1,28,Face Perception,2.0657639917010284
1,28,Scene Perception,2.0280671498372413
1,28,Face WM,1.849171508808304
1,28,Scene WM,1.7255013890625
1,29,Face Perception,2.0240343391175615
1,29,Scene Perception,2.093443980841737
1,29,Face WM,1.7290348144569274
1,29,Scene WM,1.8086447377058066
1,30,Face Perception,2.0163137377428835
1,30,Scene Perception,2.1231334710059224
1,30,Face WM,1.8238598976376716
1,30,Scene WM,1.9495744008241125
1,31,Face Perception,2.249290850701572
1,31,Scene Perception,1.9757199948191217
1,31,Face WM,1.9091885537352928
1,31,Scene WM,1.8288290873291801
1,32,Face Perception,2.018016476816767
1,32,Scene Perception,2.107785163376783
1,32,Face WM,1.658379265456022
1,32,Scene WM,1.8145589901029282
2,1,Face Perception,2.753101242832202
2,1,Scene Perception,2.2668511833954974
2,1,Face WM,2.138103904904559
2,1,Scene WM,1.892995434246522
2,2,Face Perception,2.0768438961842075
2,2,Scene Perception,2.065708500508084
2,2,Face WM,1.8454514190326043
2,2,Scene WM,1.7236088488321188
2,3,Face Perception,2.31329425854357
2,3,Scene Perception,2.333666719669912
2,3,Face WM,1.7082381249575358
2,3,Scene WM,1.8838967479439634
2,4,Face Perception,2.1799559220032774
2,4,Scene Perception,2.625505482199922
2,4,Face WM,1.9998210110454575
2,4,Scene WM,2.0591413353511405
2,5,Face Perception,2.004255809133484
2,5,Scene Perception,2.2914649613372693
2,5,Face WM,1.8452064019437713
2,5,Scene WM,2.235973241955779
2,6,Face Perception,2.6471878742471833
2,6,Scene Perception,2.6971214996440542
2,6,Face WM,1.831343965800677
2,6,Scene WM,2.1972516839509746
2,7,Face Perception,2.4329864562908954
2,7,Scene Perception,2.53271565685335
2,7,Face WM,2.0453771386267032
2,7,Scene WM,2.1981391068586107
2,8,Face Perception,2.094044356339906
2,8,Scene Perception,2.1431363562925076
2,8,Face WM,1.7805335845767054
2,8,Scene WM,1.878809664609032
2,9,Face Perception,2.589797266575539
2,9,Scene Perception,3.0829554110380584
2,9,Face WM,1.914320145116461
2,9,Scene WM,2.2925385979801742
2,10,Face Perception,2.0215985638753193
2,10,Scene Perception,2.8945419579040212
2,10,Face WM,1.7077068244335143
2,10,Scene WM,2.240431763221739
2,11,Face Perception,2.3194446630896484
2,11,Scene Perception,2.102182210887422
2,11,Face WM,2.0526167471419456
2,11,Scene WM,1.830800213315725
2,12,Face Perception,2.4612648743671217
2,12,Scene Perception,2.1207739961062595
2,12,Face WM,1.8511009710544168
2,12,Scene WM,1.8650111583334985
2,13,Face Perception,2.244663820235758
2,13,Scene Perception,1.917979965652575
2,13,Face WM,1.8788383936412172
2,13,Scene WM,1.690268731525417
2,14,Face Perception,2.213518995842875
2,14,Scene Perception,2.126620405874963
2,14,Face WM,1.8309726784019158
2,14,Scene WM,1.8372637127229943
2,15,Face Perception,2.2470597160329318
2,15,Scene Perception,2.040647280512742
2,15,Face WM,2.0719000365211837
2,15,Scene WM,1.7677339425350973
2,16,Face Perception,2.2863419101286766
2,16,Scene Perception,2.0925131314137717
2,16,Face WM,1.9048483381321486
2,16,Scene WM,1.9306592214248126
2,17,Face Perception,2.289394295309926
2,17,Scene Perception,2.1146238075114443
2,17,Face WM,1.9822534109248953
2,17,Scene WM,1.9053841543733563
2,18,Face Perception,2.09879204897568
2,18,Scene Perception,2.1803910038054943
2,18,Face WM,1.752601814729765
2,18,Scene WM,1.7847212573961733
2,19,Face Perception,2.1202398806279588
2,19,Scene Perception,2.4494937233858827
2,19,Face WM,1.782069408266094
2,19,Scene WM,2.190982608232637
2,20,Face Perception,1.9621802247704176
2,20,Scene Perception,2.0393666180376684
2,20,Face WM,1.6922892236621425
2,20,Scene WM,1.7421899965482313
2,21,Face Perception,2.183949256697564
2,21,Scene Perception,1.9686483570839193
2,21,Face WM,2.0062573449996273
2,21,Scene WM,1.7543931896737204
2,22,Face Perception,2.05577636288781
2,22,Scene Perception,2.0992109839279087
2,22,Face WM,1.8096089819520056
2,22,Scene WM,1.6933347848986209
2,23,Face Perception,2.1672459691798682
2,23,Scene Perception,2.2302200438766833
2,23,Face WM,1.987072069219039
2,23,Scene WM,1.9191122033403496
2,24,Face Perception,1.9395722596905434
2,24,Scene Perception,2.180781563892494
2,24,Face WM,1.7412585161917062
2,24,Scene WM,1.9439096557245465
2,25,Face Perception,2.267321309916724
2,25,Scene Perception,2.1835798072119514
2,25,Face WM,1.8440485368509383
2,25,Scene WM,1.903647181728835
2,26,Face Perception,2.304815359951836
2,26,Scene Perception,2.252728266163724
2,26,Face WM,2.0473970320551667
2,26,Scene WM,2.100128244039694
2,27,Face Perception,2.523613504544459
2,27,Scene Perception,2.278091136721969
2,27,Face WM,2.1468132226853855
2,27,Scene WM,2.0721392136878065
2,28,Face Perception,2.490572129515458
2,28,Scene Perception,2.026933174349828
2,28,Face WM,2.300370921807184
2,28,Scene WM,1.713369335675908
2,29,Face Perception,2.1324527483634714
2,29,Scene Perception,2.280436210237785
2,29,Face WM,1.7618678216652186
2,29,Scene WM,2.0214823051779875
2,30,Face Perception,2.11078160362926
2,30,Scene Perception,2.5301120223681206
2,30,Face WM,2.0293103851536896
2,30,Scene WM,2.0183378110828385
2,31,Face Perception,2.235896223359479
2,31,Scene Perception,2.1027379723469455
2,31,Face WM,2.0099049459840033
2,31,Scene WM,1.8571758197131385
2,32,Face Perception,2.199718799416213
2,32,Scene Perception,1.9871873379775475
2,32,Face WM,1.9820658858964386
2,32,Scene WM,1.7219683223343107
3,1,Face Perception,2.3008630427838357
3,1,Scene Perception,2.0616154874143264
3,1,Face WM,1.9220779953666736
3,1,Scene WM,1.9134109277990277
3,2,Face Perception,2.2741265665822663
3,2,Scene Perception,2.1636976737977878
3,2,Face WM,2.040063447101997
3,2,Scene WM,2.108627873054518
3,3,Face Perception,2.115577336423382
3,3,Scene Perception,2.069232245052824
3,3,Face WM,2.117868373010925
3,3,Scene WM,1.7035439962564798
3,4,Face Perception,2.218107567514362
3,4,Scene Perception,2.157413283943286
3,4,Face WM,1.9254052755357791
3,4,Scene WM,1.9204880614444695
3,5,Face Perception,1.9174168753501721
3,5,Scene Perception,2.375842685647171
3,5,Face WM,1.7719781537475114
3,5,Scene WM,2.0961101405686438
3,6,Face Perception,1.9010943602822046
3,6,Scene Perception,2.055157404233699
3,6,Face WM,1.6471826955117137
3,6,Scene WM,1.717072909269299
3,7,Face Perception,1.9537099947934673
3,7,Scene Perception,2.0533709366528483
3,7,Face WM,1.715507075847246
3,7,Scene WM,1.9545974458312712
3,8,Face Perception,1.9715084584462246
3,8,Scene Perception,2.419953738940268
3,8,Face WM,1.6591074049927361
3,8,Scene WM,1.9499048625253104
4,1,Face Perception,2.5198909252402966
4,1,Scene Perception,2.1313864923318935
4,1,Face WM,2.0985939398518543
4,1,Scene WM,1.7658565082201605
4,2,Face Perception,2.1966794756719503
4,2,Scene Perception,2.163093706979177
4,2,Face WM,1.81852732453744
4,2,Scene WM,1.9404985572617561
4,3,Face Perception,2.213709318750207
4,3,Scene Perception,2.0850736766051843
4,3,Face WM,1.907084731170727
4,3,Scene WM,1.725267447281653
4,4,Face Perception,2.13572875169999
4,4,Scene Perception,2.0209631265659658
4,4,Face WM,1.7649922082188343
4,4,Scene WM,1.7642236921822292
4,5,Face Perception,2.062001728884807
4,5,Scene Perception,2.119185948990381
4,5,Face WM,1.815375883344138
4,5,Scene WM,1.9222166434459815
4,6,Face Perception,2.0249930396851443
4,6,Scene Perception,2.0742356385144674
4,6,Face WM,1.8314284857337897
4,6,Scene WM,1.7575173520203615
4,7,Face Perception,2.3097774513202025
4,7,Scene Perception,2.081702347473803
4,7,Face WM,2.013486484048823
4,7,Scene WM,1.8819738003019297
4,8,Face Perception,2.3393694122872324
4,8,Scene Perception,2.481181760814859
4,8,Face WM,1.8591567880274742
4,8,Scene WM,2.3212287214472713
4,9,Face Perception,2.1314119293064664
4,9,Scene Perception,2.0507876977658657
4,9,Face WM,1.7920835671727107
4,9,Scene WM,1.6687124022298534
4,10,Face Perception,2.155032628128095
4,10,Scene Perception,1.9598614507956176
4,10,Face WM,1.9797828941377866
4,10,Scene WM,1.662187335824313
4,11,Face Perception,2.149707550077786
4,11,Scene Perception,2.0293467508336507
4,11,Face WM,2.102549616048385
4,11,Scene WM,1.818637563609617
4,12,Face Perception,2.154490277841358
4,12,Scene Perception,2.0296056278128685
4,12,Face WM,1.8470673822203338
4,12,Scene WM,1.6740315472639993
4,13,Face Perception,2.3270297183271875
4,13,Scene Perception,2.6741995474659586
4,13,Face WM,1.9665923485869352
4,13,Scene WM,2.0218033637027806
4,14,Face Perception,1.9487021791074235
4,14,Scene Perception,2.1648216719641526
4,14,Face WM,1.7561715941648037
4,14,Scene WM,2.0027649728500667
4,15,Face Perception,1.97535043488496
4,15,Scene Perception,2.1939047275843993
4,15,Face WM,1.7347586364019894
4,15,Scene WM,1.8316602969903986
4,16,Face Perception,2.066827879971919
4,16,Scene Perception,2.107857314007618
4,16,Face WM,1.8379496071967152
4,16,Scene WM,1.7441657680710199
4,17,Face Perception,1.952914593416488
4,17,Scene Perception,2.1462342204378513
4,17,Face WM,1.853555545131617
4,17,Scene WM,1.9355548861124912
4,18,Face Perception,2.1224468846883675
4,18,Scene Perception,2.229070030501572
4,18,Face WM,1.753222962824922
4,18,Scene WM,1.9461392920451726
4,19,Face Perception,2.1159552825982026
4,19,Scene Perception,1.9664775058511006
4,19,Face WM,1.6717815866690215
4,19,Scene WM,1.8282569358956444
4,20,Face Perception,2.018106794443892
4,20,Scene Perception,2.4100389404553852
4,20,Face WM,1.6703477678959955
4,20,Scene WM,1.9640456883609259
4,21,Face Perception,1.9786439112092298
4,21,Scene Perception,2.0648746351872735
4,21,Face WM,1.837775606450095
4,21,Scene WM,2.094951721463488
4,22,Face Perception,2.238676900917465
4,22,Scene Perception,1.9678953710095328
4,22,Face WM,1.950796326800221
4,22,Scene WM,1.7473544478838652
4,23,Face Perception,2.2500118573428254
4,23,Scene Perception,2.064339130174456
4,23,Face WM,2.129303943643626
4,23,Scene WM,1.6551533556686782
4,24,Face Perception,2.270892101719179
4,24,Scene Perception,2.18286489627241
4,24,Face WM,2.1569824718159927
4,24,Scene WM,1.8073021756496255
4,25,Face Perception,2.1284028651429168
4,25,Scene Perception,2.139956021544482
4,25,Face WM,1.6835744536826154
4,25,Scene WM,1.8775995502184601
4,26,Face Perception,1.9690977219380867
4,26,Scene Perception,2.019517913457893
4,26,Face WM,1.8012387805063266
4,26,Scene WM,1.7905823154779934
4,27,Face Perception,2.026996182112623
4,27,Scene Perception,1.9901823867029245
4,27,Face WM,1.7347147854175802
4,27,Scene WM,1.6792494156409783
4,28,Face Perception,2.0449800568797416
4,28,Scene Perception,2.0920977123023015
4,28,Face WM,1.7861493616313286
4,28,Scene WM,1.794904161793403
4,29,Face Perception,2.13643490133532
4,29,Scene Perception,2.419450509443227
4,29,Face WM,2.0348556926074624
4,29,Scene WM,1.889241924483329
4,30,Face Perception,2.068905185876482
4,30,Scene Perception,2.335977818084898
4,30,Face WM,1.8492091889356965
4,30,Scene WM,1.9522634634271105
4,31,Face Perception,1.9732452537406096
4,31,Scene Perception,2.058928558529033
4,31,Face WM,1.8047936203571748
4,31,Scene WM,2.1567675756603477
4,32,Face Perception,1.9820974690990998
4,32,Scene Perception,2.045939290113106
4,32,Face WM,1.7296341272677804
4,32,Scene WM,1.7651524673785257
5,1,Face Perception,2.0743568767352136
5,1,Scene Perception,2.033217555912225
5,1,Face WM,1.8542656995250473
5,1,Scene WM,1.8623290628063165
5,2,Face Perception,2.036469909755578
5,2,Scene Perception,1.9672877428004556
5,2,Face WM,1.7184281677031545
5,2,Scene WM,1.730261750333325
5,3,Face Perception,2.120372559588079
5,3,Scene Perception,2.072603886157676
5,3,Face WM,1.8917654437835285
5,3,Scene WM,1.7057906983451905
5,4,Face Perception,2.1591867254820576
5,4,Scene Perception,2.143221002499071
5,4,Face WM,1.8077577155845905
5,4,Scene WM,1.773731107923113
5,5,Face Perception,2.306098046099866
5,5,Scene Perception,2.0431340148472787
5,5,Face WM,1.9253063438276072
5,5,Scene WM,1.705651092930022
5,6,Face Perception,2.020231259959101
5,6,Scene Perception,2.268954636638189
5,6,Face WM,1.695674926591209
5,6,Scene WM,1.9098225547561898
5,7,Face Perception,1.9951839632382042
5,7,Scene Perception,2.1369453078175495
5,7,Face WM,1.652092824724968
5,7,Scene WM,1.8668531794830845
5,8,Face Perception,1.98652270111758
5,8,Scene Perception,2.1348474195976515
5,8,Face WM,1.6449911191424826
5,8,Scene WM,1.8571230429743757
5,9,Face Perception,2.0684468342671853
5,9,Scene Perception,2.0568741396378813
5,9,Face WM,1.9518221561003666
5,9,Scene WM,1.9036740562542969
5,10,Face Perception,2.0754589873740446
5,10,Scene Perception,2.182131186501437
5,10,Face WM,1.801926241698253
5,10,Scene WM,1.7296749877313953
5,11,Face Perception,1.9357613795977209
5,11,Scene Perception,2.1129221606939037
5,11,Face WM,1.7490336872570158
5,11,Scene WM,1.8515005162016227
5,12,Face Perception,2.2636083735237795
5,12,Scene Perception,2.133476774474881
5,12,Face WM,1.7687109603810263
5,12,Scene WM,1.8848537261257425
5,13,Face Perception,2.0192554316061546
5,13,Scene Perception,2.3211028239586975
5,13,Face WM,1.831302235868209
5,13,Scene WM,1.8074941608632473
5,14,Face Perception,1.9889272912651448
5,14,Scene Perception,2.2122646995761004
5,14,Face WM,1.792575759984649
5,14,Scene WM,1.944111803318488
5,15,Face Perception,2.2420663715323084
5,15,Scene Perception,2.1053743122481605
5,15,Face WM,1.953847544728941
5,15,Scene WM,1.8248556740464106
5,16,Face Perception,2.3503586592494012
5,16,Scene Perception,2.087330124517308
5,16,Face WM,1.823597203433494
5,16,Scene WM,1.696295352884648
5,17,Face Perception,1.9654670830809013
5,17,Scene Perception,2.0908197631840073
5,17,Face WM,1.7221745977575864
5,17,Scene WM,1.8523936313736868
5,18,Face Perception,2.1173993418576598
5,18,Scene Perception,2.1051142501059377
5,18,Face WM,1.7696974782618355
5,18,Scene WM,2.0114337428519993
5,19,Face Perception,2.225050289567416
5,19,Scene Perception,2.304718577022805
5,19,Face WM,1.9081836636258318
5,19,Scene WM,1.8098926009177148
5,20,Face Perception,2.128675002109352
5,20,Scene Perception,2.144026200396497
5,20,Face WM,1.813840469437994
5,20,Scene WM,1.7155035523757487
5,21,Face Perception,2.277664365648629
5,21,Scene Perception,2.1638478735578253
5,21,Face WM,1.9465491018166567
5,21,Scene WM,1.6789239694398135
5,22,Face Perception,2.0700262868773365
5,22,Scene Perception,2.8866530269141277
5,22,Face WM,1.6935912418199062
5,22,Scene WM,1.9665504266520024
5,23,Face Perception,2.017648761851918
5,23,Scene Perception,2.3702853724076114
5,23,Face WM,1.8303117820056944
5,23,Scene WM,1.783379291902156
5,24,Face Perception,2.369603239300872
5,24,Scene Perception,2.165151664006229
5,24,Face WM,1.99778968484871
5,24,Scene WM,1.6579406568224317
5,25,Face Perception,2.14017362981884
5,25,Scene Perception,2.1067784535919936
5,25,Face WM,1.7907381353188299
5,25,Scene WM,1.8335454247020762
5,26,Face Perception,1.9208330574449075
5,26,Scene Perception,1.984618146036519
5,26,Face WM,1.730351838643621
5,26,Scene WM,1.730537407362834
5,27,Face Perception,2.2360553289993836
5,27,Scene Perception,2.129448004106135
5,27,Face WM,2.0688691750575905
5,27,Scene WM,1.6743665099478298
5,28,Face Perception,2.365920286814747
5,28,Scene Perception,2.193647321932502
5,28,Face WM,2.126774949088195
5,28,Scene WM,1.6646717323729756
5,29,Face Perception,2.086472379628116
5,29,Scene Perception,2.2555226978420393
5,29,Face WM,1.8070151791846139
5,29,Scene WM,1.898886660646508
5,30,Face Perception,2.060094337104913
5,30,Scene Perception,2.219174556712219
5,30,Face WM,1.7591400647979578
5,30,Scene WM,1.946974768686889
5,31,Face Perception,2.1700222268207754
5,31,Scene Perception,2.1008492360420985
5,31,Face WM,1.8276210163479607
5,31,Scene WM,1.893477229756522
5,32,Face Perception,1.9185233308152034
5,32,Scene Perception,2.00721279527442
5,32,Face WM,1.733717559417092
5,32,Scene WM,1.7997390829827835
6,1,Face Perception,2.2828176303218592
6,1,Scene Perception,2.166322229414209
6,1,Face WM,1.9290126187539316
6,1,Scene WM,1.7202845672898808
6,2,Face Perception,1.9467401537932352
6,2,Scene Perception,2.024786591015531
6,2,Face WM,1.7292228765542965
6,2,Scene WM,1.7629623325712118
6,3,Face Perception,1.950037641371415
6,3,Scene Perception,2.122253581362598
6,3,Face WM,2.121012913977191
6,3,Scene WM,1.795980688705671
6,4,Face Perception,2.021048673059993
6,4,Scene Perception,1.9593687309118757
6,4,Face WM,1.822275376819985
6,4,Scene WM,1.656939738305036
6,5,Face Perception,2.338881596748909
6,5,Scene Perception,2.2608867642293675
6,5,Face WM,1.8653343571675733
6,5,Scene WM,1.996465770427357
6,6,Face Perception,1.8810336103459306
6,6,Scene Perception,2.396270946952686
6,6,Face WM,1.6236414001994397
6,6,Scene WM,1.9965738356020453
6,7,Face Perception,2.237700408009319
6,7,Scene Perception,2.4507257518539514
6,7,Face WM,1.8524897756285272
6,7,Scene WM,2.011375691230514
6,8,Face Perception,2.0127308416062966
6,8,Scene Perception,2.3474586739401797
6,8,Face WM,1.7093402427791318
6,8,Scene WM,1.9658092212810618
6,9,Face Perception,2.4120447866626162
6,9,Scene Perception,2.4139372797209266
6,9,Face WM,1.998085268368735
6,9,Scene WM,2.0556531739349033
6,10,Face Perception,2.001743991356766
6,10,Scene Perception,2.1876194898033514
6,10,Face WM,1.8050304815137583
6,10,Scene WM,1.9109112435705604
6,11,Face Perception,2.0843195019370175
6,11,Scene Perception,2.3446645392417196
6,11,Face WM,2.0004925875729866
6,11,Scene WM,1.85871871812139
6,12,Face Perception,2.174730830544164
6,12,Scene Perception,2.2009993781080994
6,12,Face WM,1.8276867901680143
6,12,Scene WM,1.9156370002186278
6,13,Face Perception,2.1400985841834563
6,13,Scene Perception,2.2937277026741043
6,13,Face WM,1.8578776503224153
6,13,Scene WM,2.0440673990618254
6,14,Face Perception,2.0395047979109746
6,14,Scene Perception,2.1675065598200476
6,14,Face WM,1.6608552749807985
6,14,Scene WM,1.9081857497336234
6,15,Face Perception,2.2584448327044764
6,15,Scene Perception,1.9381482123949936
6,15,Face WM,1.9786299287819376
6,15,Scene WM,1.6699616678576237
6,16,Face Perception,2.369104778370926
6,16,Scene Perception,2.098707110970244
6,16,Face WM,1.9156338711105574
6,16,Scene WM,2.0323742041040274
6,17,Face Perception,2.171115015679082
6,17,Scene Perception,2.3310818060622425
6,17,Face WM,1.8343507054184653
6,17,Scene WM,1.9680121855669332
6,18,Face Perception,2.0557453924954605
6,18,Scene Perception,2.123539087539866
6,18,Face WM,1.9110346058067653
6,18,Scene WM,2.025529682663342
6,19,Face Perception,2.0572049546952282
6,19,Scene Perception,2.2694666456333157
6,19,Face WM,1.712456631701556
6,19,Scene WM,1.7796032152550414
6,20,Face Perception,2.079622934283895
6,20,Scene Perception,2.189965233559
6,20,Face WM,1.749064096401786
6,20,Scene WM,2.0743258920580496
6,21,Face Perception,2.031941984651315
6,21,Scene Perception,2.0665831264950816
6,21,Face WM,1.729507366408729
6,21,Scene WM,1.8991142685654816
6,22,Face Perception,2.15917635791218
6,22,Scene Perception,2.0803178051697437
6,22,Face WM,1.807254106224863
6,22,Scene WM,1.8342948348995378
6,23,Face Perception,2.1505667100928205
6,23,Scene Perception,2.0559941744723504
6,23,Face WM,1.9425530415300587
6,23,Scene WM,1.8627293432998346
6,24,Face Perception,2.2365821007951014
6,24,Scene Perception,2.236618300319796
6,24,Face WM,1.9888063201488326
6,24,Scene WM,2.008842916874978
6,25,Face Perception,2.018901393808142
6,25,Scene Perception,1.91280137985964
6,25,Face WM,1.9109460475808293
6,25,Scene WM,1.6623784232682681
6,26,Face Perception,2.08150754315631
6,26,Scene Perception,2.208531411081981
6,26,Face WM,1.9351832900570476
6,26,Scene WM,1.9764293539876587
6,27,Face Perception,2.1493139649122948
6,27,Scene Perception,2.095225782748821
6,27,Face WM,1.8121038322526999
6,27,Scene WM,1.83087425151651
6,28,Face Perception,2.065461814750175
6,28,Scene Perception,2.012573556106056
6,28,Face WM,1.7300924557241772
6,28,Scene WM,1.8340156978031887
6,29,Face Perception,2.017272827171662
6,29,Scene Perception,2.218611605558781
6,29,Face WM,1.8730741511670934
6,29,Scene WM,1.9352930161119832
6,30,Face Perception,2.2841789498984384
6,30,Scene Perception,1.9534594263720213
6,30,Face WM,1.9577332234345193
6,30,Scene WM,1.728808311515233
6,31,Face Perception,2.1844727224508818
6,31,Scene Perception,2.4090852984286975
6,31,Face WM,1.8387565644017978
6,31,Scene WM,2.1331989458784473
6,32,Face Perception,2.0146855035955444
6,32,Scene Perception,1.9162731322147222
6,32,Face WM,1.8104814783891894
6,32,Scene WM,1.7455509700327572
7,1,Face Perception,2.0327956690050843
7,1,Scene Perception,2.0573160903503207
7,1,Face WM,1.6779263130674096
7,1,Scene WM,1.8245025103750767
7,2,Face Perception,2.036039843762759
7,2,Scene Perception,1.930018940856287
7,2,Face WM,1.872007803577151
7,2,Scene WM,1.7406215992398995
7,3,Face Perception,1.9851701534630117
7,3,Scene Perception,2.1321907541881884
7,3,Face WM,1.7819285728346537
7,3,Scene WM,1.8503022577171921
7,4,Face Perception,2.179059906461012
7,4,Scene Perception,2.0971312158570434
7,4,Face WM,1.9988394273639696
7,4,Scene WM,1.8140826334808275
7,5,Face Perception,2.0471396163952225
7,5,Scene Perception,2.4962967004719605
7,5,Face WM,1.7189977106952603
7,5,Scene WM,2.2165715380809727
7,6,Face Perception,2.1176675063470314
7,6,Scene Perception,1.8815474036141835
7,6,Face WM,1.9429118641668912
7,6,Scene WM,1.823881508891009
7,7,Face Perception,2.11996912573134
7,7,Scene Perception,1.9959358696562393
7,7,Face WM,2.0350003033992268
7,7,Scene WM,1.718377954009443
7,8,Face Perception,2.0597271723913737
7,8,Scene Perception,2.1129298855860736
7,8,Face WM,1.7574713033572822
7,8,Scene WM,1.6669418795550826
7,9,Face Perception,2.245544671450295
7,9,Scene Perception,2.175740048015207
7,9,Face WM,1.7856942445613757
7,9,Scene WM,1.8883977891918398
7,10,Face Perception,2.1445646614863048
7,10,Scene Perception,2.3924714546170858
7,10,Face WM,1.8116550733311025
7,10,Scene WM,2.0193460722251966
7,11,Face Perception,2.113229148491895
7,11,Scene Perception,2.206587106730694
7,11,Face WM,1.875862911244481
7,11,Scene WM,1.9931974510420694
7,12,Face Perception,2.318559603127992
7,12,Scene Perception,2.215058396468705
7,12,Face WM,1.8551265403623411
7,12,Scene WM,2.0838554142795487
7,13,Face Perception,2.0533019030407025
7,13,Scene Perception,2.0267631108646276
7,13,Face WM,1.9167738792560258
7,13,Scene WM,1.8739369098239593
7,14,Face Perception,2.2403120140664856
7,14,Scene Perception,2.336552059806788
7,14,Face WM,2.2560175826758995
7,14,Scene WM,2.1342503237682755
7,15,Face Perception,2.1829110225481916
7,15,Scene Perception,2.169751830510512
7,15,Face WM,1.9156193595208362
7,15,Scene WM,1.860937758645759
7,16,Face Perception,2.1178529600093343
7,16,Scene Perception,2.053483690957053
7,16,Face WM,1.807737513448095
7,16,Scene WM,1.8465905448221465
7,17,Face Perception,2.374572948881467
7,17,Scene Perception,2.245423133348888
7,17,Face WM,1.9678384707579515
7,17,Scene WM,1.8459164770307661
7,18,Face Perception,2.284984104081057
7,18,Scene Perception,2.1352849653774184
7,18,Face WM,1.873601052319797
7,18,Scene WM,1.767385741277242
7,19,Face Perception,2.2572870787876886
7,19,Scene Perception,2.219492416204825
7,19,Face WM,1.8676442607305335
7,19,Scene WM,2.03623583058975
7,20,Face Perception,2.091876740888294
7,20,Scene Perception,2.2537988160737377
7,20,Face WM,1.8308281792212708
7,20,Scene WM,1.959301641343878
7,21,Face Perception,2.134474684781064
7,21,Scene Perception,2.104589755682232
7,21,Face WM,1.891010682563791
7,21,Scene WM,1.6576674344777893
7,22,Face Perception,2.179245765646533
7,22,Scene Perception,2.048073559184779
7,22,Face WM,1.9173760905091861
7,22,Scene WM,1.7464938891559407
7,23,Face Perception,2.065488461542503
7,23,Scene Perception,2.077459110951818
7,23,Face WM,1.8684800311377452
7,23,Scene WM,1.7492518230520966
7,24,Face Perception,2.030749893275848
7,24,Scene Perception,2.1182544044909974
7,24,Face WM,1.7796100644761705
7,24,Scene WM,1.7309977241811048
7,25,Face Perception,2.146135426173858
7,25,Scene Perception,2.0672426761449625
7,25,Face WM,1.851379209553321
7,25,Scene WM,1.9791747088118663
7,26,Face Perception,2.1990940841436593
7,26,Scene Perception,2.2415609144293915
7,26,Face WM,1.8534432597958201
7,26,Scene WM,1.9827303333088735
7,27,Face Perception,2.5053143720208997
7,27,Scene Perception,2.1181877425246136
7,27,Face WM,2.1108548462644916
7,27,Scene WM,1.9401009458506366
7,28,Face Perception,2.187799637580529
7,28,Scene Perception,2.186261586288791
7,28,Face WM,1.8533018994229524
7,28,Scene WM,1.7786502914730515
7,29,Face Perception,2.012774939242326
7,29,Scene Perception,2.109980178414413
7,29,Face WM,1.668351865476514
7,29,Scene WM,1.9495620523274784
7,30,Face Perception,2.0967896486739703
7,30,Scene Perception,2.085437622776112
7,30,Face WM,1.957785893714176
7,30,Scene WM,1.8345203828556451
7,31,Face Perception,2.159825481388833
7,31,Scene Perception,2.320696361023407
7,31,Face WM,1.7940735362961784
7,31,Scene WM,1.9566384597094755
7,32,Face Perception,2.045302060210204
7,32,Scene Perception,2.1111245953571176
7,32,Face WM,1.847116842403055
7,32,Scene WM,1.884865733712923
8,1,Face Perception,2.333438596203702
8,1,Scene Perception,2.031630126317582
8,1,Face WM,1.9933801628653758
8,1,Scene WM,1.7101546498580766
8,2,Face Perception,2.11923561847404
8,2,Scene Perception,2.0248304261596264
8,2,Face WM,1.8653993068436365
8,2,Scene WM,1.912602636531764
8,3,Face Perception,2.1660041451194134
8,3,Scene Perception,2.1794530504385548
8,3,Face WM,1.9639789041986158
8,3,Scene WM,1.9185850353407252
8,4,Face Perception,2.0191484215373134
8,4,Scene Perception,2.0757038217685926
8,4,Face WM,1.7801652014139708
8,4,Scene WM,1.7271270313205556
8,5,Face Perception,1.9921444237720214
8,5,Scene Perception,2.235377697512739
8,5,Face WM,1.8236830223387932
8,5,Scene WM,2.0721441728859453
8,6,Face Perception,1.943346340192185
8,6,Scene Perception,2.121691260740263
8,6,Face WM,1.6837789191035037
8,6,Scene WM,1.8065303548459275
8,7,Face Perception,2.2571595905967015
8,7,Scene Perception,2.04049940784575
8,7,Face WM,1.8033786940358403
8,7,Scene WM,1.7837348396229205
8,8,Face Perception,2.1213632703522065
8,8,Scene Perception,2.147521707862392
8,8,Face WM,1.9141336868463004
8,8,Scene WM,1.8802992410135633
8,9,Face Perception,2.1114554247862474
8,9,Scene Perception,2.0789813880392165
8,9,Face WM,1.8628854088238953
8,9,Scene WM,1.8892978914098904
8,10,Face Perception,2.322415123141546
8,10,Scene Perception,2.183095044744575
8,10,Face WM,2.0383820665653043
8,10,Scene WM,1.9248436005598766
8,11,Face Perception,2.286275140112237
8,11,Scene Perception,2.1360567076496944
8,11,Face WM,1.904042399911225
8,11,Scene WM,1.7803472584154099
8,12,Face Perception,2.3411211800003415
8,12,Scene Perception,2.2048161241097026
8,12,Face WM,1.948845977171522
8,12,Scene WM,1.792285369300731
8,13,Face Perception,2.0310701603322365
8,13,Scene Perception,2.0073279814911804
8,13,Face WM,1.8374440882546832
8,13,Scene WM,1.6954884251644942
8,14,Face Perception,2.161259223982658
8,14,Scene Perception,2.296458858622868
8,14,Face WM,1.6964079950896676
8,14,Scene WM,2.1489008746039207
8,15,Face Perception,2.147624703743698
8,15,Scene Perception,2.1470716551947615
8,15,Face WM,1.7534126857737182
8,15,Scene WM,1.8427201571879697
8,16,Face Perception,2.0827173930309475
8,16,Scene Perception,2.002755450493841
8,16,Face WM,1.845690310792707
8,16,Scene WM,1.7249101206389421
8,17,Face Perception,2.10054269668594
8,17,Scene Perception,1.8528103135586491
8,17,Face WM,1.8634818549071233
8,17,Scene WM,1.6832875869513797
8,18,Face Perception,2.086204784770462
8,18,Scene Perception,2.32940360410063
8,18,Face WM,1.7599980019380779
8,18,Scene WM,1.9897332902008478
8,19,Face Perception,2.0755243936990335
8,19,Scene Perception,2.00651064618173
8,19,Face WM,1.8459328724901214
8,19,Scene WM,1.798560976014907
8,20,Face Perception,1.9467778457772122
8,20,Scene Perception,1.9539347873570165
8,20,Face WM,1.720516431546369
8,20,Scene WM,1.7292998313696588
8,21,Face Perception,2.1427853992122077
8,21,Scene Perception,2.028105742938575
8,21,Face WM,1.9948199527544224
8,21,Scene WM,1.7600384910547326
8,22,Face Perception,2.3426914290714005
8,22,Scene Perception,2.012397993074636
8,22,Face WM,2.0559019867008814
8,22,Scene WM,1.9166439625915732
8,23,Face Perception,1.8821917067959757
8,23,Scene Perception,2.038614189567328
8,23,Face WM,1.7039063329375166
8,23,Scene WM,1.7432699600254447
8,24,Face Perception,1.968638905425333
8,24,Scene Perception,1.9176328146074144
8,24,Face WM,1.7745910448209539
8,24,Scene WM,1.7299810572463878
8,25,Face Perception,2.107022412594586
8,25,Scene Perception,2.259691462557749
8,25,Face WM,1.9191869801426176
8,25,Scene WM,1.9698330752915625
8,26,Face Perception,2.1120940112192845
8,26,Scene Perception,2.0530036397510463
8,26,Face WM,1.7156774102898413
8,26,Scene WM,1.8187760722596704
8,27,Face Perception,2.221592067112924
8,27,Scene Perception,2.175135872905066
8,27,Face WM,1.784829332255534
8,27,Scene WM,1.9555604490282394
8,28,Face Perception,2.0707879985472775
8,28,Scene Perception,2.26103514831545
8,28,Face WM,1.7493669091350366
8,28,Scene WM,1.9219093747871758
8,29,Face Perception,2.1175993724021187
8,29,Scene Perception,2.005229811109954
8,29,Face WM,1.9505838270114766
8,29,Scene WM,1.7230357886205079
8,30,Face Perception,2.096529699729319
8,30,Scene Perception,2.0332561726411114
8,30,Face WM,1.8143988043044932
8,30,Scene WM,1.8492577774523087
8,31,Face Perception,2.0383386799702383
8,31,Scene Perception,1.9739856889727567
8,31,Face WM,1.8965889459500669
8,31,Scene WM,1.6773555544911292
8,32,Face Perception,2.0692931804526653
8,32,Scene Perception,2.331262541225661
8,32,Face WM,1.761882682430857
8,32,Scene WM,1.8827062183241199
9,1,Face Perception,2.001799209477679
9,1,Scene Perception,2.083499528493003
9,1,Face WM,1.7687962015137322
9,1,Scene WM,1.7386176766872787
9,2,Face Perception,2.0697041376322867
9,2,Scene Perception,2.1687290582644665
9,2,Face WM,1.805569327308956
9,2,Scene WM,1.9346876524623464
9,3,Face Perception,2.374350413960369
9,3,Scene Perception,2.0332251266178996
9,3,Face WM,2.2158036349075565
9,3,Scene WM,1.9022791462136568
9,4,Face Perception,2.088181957266411
9,4,Scene Perception,2.076106304534492
9,4,Face WM,1.7565391323243866
9,4,Scene WM,1.7550260090194274
9,5,Face Perception,2.185422915555712
9,5,Scene Perception,2.0397332449999848
9,5,Face WM,2.025571734047858
9,5,Scene WM,1.7539882379306915
9,6,Face Perception,2.3043446969323877
9,6,Scene Perception,2.1954567643596428
9,6,Face WM,1.7067228935573153
9,6,Scene WM,2.07196646118334
9,7,Face Perception,1.9881938903992082
9,7,Scene Perception,2.0256881559882385
9,7,Face WM,1.7009508637295314
9,7,Scene WM,1.732788942234251
9,8,Face Perception,2.146439392942451
9,8,Scene Perception,2.3445734182258064
9,8,Face WM,1.7151581523255268
9,8,Scene WM,1.9809824235744031
9,9,Face Perception,2.251700291254618
9,9,Scene Perception,1.9967447853022444
9,9,Face WM,2.015002723138092
9,9,Scene WM,1.672554396778938
9,10,Face Perception,2.185020468158979
9,10,Scene Perception,1.9286430718741854
9,10,Face WM,1.8183695887394122
9,10,Scene WM,1.6625765339098821
9,11,Face Perception,2.104328511497811
9,11,Scene Perception,2.3872741886555575
9,11,Face WM,1.8286269791382017
9,11,Scene WM,1.9235025578230687
9,12,Face Perception,2.2102934363633833
9,12,Scene Perception,1.982202398670418
9,12,Face WM,1.7910860391180001
9,12,Scene WM,1.8184777152272584
9,13,Face Perception,1.92224629729134
9,13,Scene Perception,2.109499287201799
9,13,Face WM,1.6256905780116069
9,13,Scene WM,1.9286459046287325
9,14,Face Perception,2.1938922859622934
9,14,Scene Perception,2.0272127084366263
9,14,Face WM,1.8598873518841263
9,14,Scene WM,1.668507156855618
9,15,Face Perception,2.2391320645749033
9,15,Scene Perception,2.133206178098403
9,15,Face WM,1.9335431951729523
9,15,Scene WM,1.6677538548521638
9,16,Face Perception,2.111597940471961
9,16,Scene Perception,2.1109503481088905
9,16,Face WM,1.7806570979531389
9,16,Scene WM,1.8566683018047923
9,17,Face Perception,2.0222298230300573
9,17,Scene Perception,2.1156619312693024
9,17,Face WM,1.928313078667634
9,17,Scene WM,1.7726789360091717
9,18,Face Perception,2.0003559804813307
9,18,Scene Perception,2.198977405702742
9,18,Face WM,1.7502652329307284
9,18,Scene WM,1.8241317417360614
9,19,Face Perception,2.0136685623425596
9,19,Scene Perception,2.101096509319235
9,19,Face WM,1.6329617814432227
9,19,Scene WM,1.8466880335891565
9,20,Face Perception,2.0296994618116124
9,20,Scene Perception,2.651160053822502
9,20,Face WM,1.6716804281509368
9,20,Scene WM,2.265492029658138
9,21,Face Perception,2.463751249557269
9,21,Scene Perception,2.0002672445283105
9,21,Face WM,2.158918878741113
9,21,Scene WM,1.7121119842571655
9,22,Face Perception,1.8801531051586649
9,22,Scene Perception,2.2256093017245187
9,22,Face WM,1.6406422034190238
9,22,Scene WM,1.926583317362956
9,23,Face Perception,1.985451899971473
9,23,Scene Perception,2.1409725881560626
9,23,Face WM,1.7134985462862804
9,23,Scene WM,1.8862481680747667
9,24,Face Perception,2.239745826154928
9,24,Scene Perception,1.9387439635475918
9,24,Face WM,1.927912794364268
9,24,Scene WM,1.792441200791624
9,25,Face Perception,2.1552076255539556
9,25,Scene Perception,2.1842419097164854
9,25,Face WM,1.8345135151087655
9,25,Scene WM,1.7663206202396862
9,26,Face Perception,2.017065409071229
9,26,Scene Perception,1.9804087417546252
9,26,Face WM,1.7844203682752273
9,26,Scene WM,1.6980163308900358
9,27,Face Perception,2.2043694705024004
9,27,Scene Perception,1.9874356333848546
9,27,Face WM,1.9958879653531199
9,27,Scene WM,1.6383613504223251
9,28,Face Perception,2.2566449914002344
9,28,Scene Perception,2.139783155437629
9,28,Face WM,1.9879415386685186
9,28,Scene WM,2.0278693631095415
9,29,Face Perception,2.5967046153245463
9,29,Scene Perception,2.064740871443826
9,29,Face WM,2.0852934623087873
9,29,Scene WM,1.7973946562050285
9,30,Face Perception,1.963148054547923
9,30,Scene Perception,2.067090107277739
9,30,Face WM,1.66905086007385
9,30,Scene WM,1.7568056391938842
9,31,Face Perception,1.9639623878161925
9,31,Scene Perception,2.108779593748215
9,31,Face WM,1.7582832525037688
9,31,Scene WM,1.825499816273917
9,32,Face Perception,2.1604652268048374
9,32,Scene Perception,1.9142417106769347
9,32,Face WM,2.0061309972088677
9,32,Scene WM,1.6986808656020453
